condition,num_images,visual_accuracy,benign_recall,malicious_recall,tampered_recall,macro_f1,inference_failures,decode_rate,url_payload_count,safe_count,suspicious_count,malicious_count,malicious_escape_count,malicious_fnr
clean,342,1.0,1.0,1.0,1.0,1.0,0,57.02,77,98,128,116,0,0.0
rotation_5,342,0.8626,0.7961,0.7899,0.9917,0.8643,0,44.44,60,82,148,112,2,0.0168
rotation_15,342,0.386,0.0,0.1008,1.0,0.2388,0,26.32,10,0,326,16,0,0.0
rotation_30,342,0.3509,0.0,0.0,1.0,0.1732,0,14.62,0,0,342,0,0,0.0
blur_mild,342,0.9795,1.0,0.9412,1.0,0.9805,0,60.23,99,97,132,113,0,0.0
blur_moderate,342,0.6199,0.6214,0.2353,1.0,0.5987,0,53.51,99,64,178,100,0,0.0
noise_mild,342,1.0,1.0,1.0,1.0,1.0,0,54.39,77,98,128,116,0,0.0
noise_moderate,342,1.0,1.0,1.0,1.0,1.0,0,49.12,71,98,128,116,0,0.0
jpeg_70,342,1.0,1.0,1.0,1.0,1.0,0,56.14,72,98,128,116,0,0.0
jpeg_40,342,1.0,1.0,1.0,1.0,1.0,0,54.97,73,98,128,116,0,0.0
brightness_dark,342,1.0,1.0,1.0,1.0,1.0,0,56.14,73,98,128,116,0,0.0
brightness_bright,342,0.9971,1.0,0.9916,1.0,0.9972,0,56.14,78,98,128,116,0,0.0
perspective_mild,342,0.7076,0.767,0.3697,0.9917,0.6935,0,49.71,67,81,180,81,7,0.0588
perspective_moderate,342,0.3509,0.0,0.0,1.0,0.1732,0,54.09,75,0,288,54,0,0.0
