epoch,stage,train_loss,train_accuracy,val_loss,val_accuracy,macro_precision,macro_recall,macro_f1,benign_recall,malicious_recall,tampered_recall,epoch_time_sec,peak_vram_mb
1,1,0.555699713230133,0.81,0.276065659104732,0.9619883040935673,0.9618675503914028,0.9610213664753928,0.9614027998625158,0.941747572815534,0.957983193277311,0.9833333333333333,11.382977724075317,215.92236328125
2,1,0.2121938443183899,0.958125,0.15041561581586538,0.97953216374269,0.9803050833538638,0.9782398720005802,0.9790567693132949,0.9514563106796117,0.9915966386554622,0.9916666666666667,11.286279201507568,215.92236328125
3,1,0.1564830246567726,0.97125,0.10629867801540777,0.9883040935672515,0.9885353048323154,0.9879719525350593,0.988171453177972,0.9805825242718447,1.0,0.9833333333333333,11.43289589881897,215.92236328125
4,1,0.12723373860120774,0.97,0.11002452349105077,0.97953216374269,0.9788023732977861,0.9804855275443511,0.9792783697824122,1.0,0.9747899159663865,0.9666666666666667,11.750129699707031,215.92236328125
5,1,0.10100936450064182,0.9825,0.07430517063503377,0.9912280701754386,0.9911848558193505,0.9911848558193505,0.9911848558193505,0.9902912621359223,0.9915966386554622,0.9916666666666667,11.419950723648071,215.92236328125
6,2,0.03991391524672508,0.99125,0.0140043186808103,0.9970760233918129,0.997245179063361,0.9971988795518207,0.9972104043746463,1.0,0.9915966386554622,1.0,11.697177171707153,312.08740234375
7,2,0.010950605869293212,0.996875,0.005426909208123447,0.9970760233918129,0.9972222222222222,0.9972222222222222,0.99721059972106,1.0,1.0,0.9916666666666667,11.985872745513916,312.08740234375
8,2,0.011456936448812485,0.995625,0.03375610900969293,0.9853801169590644,0.986316217314727,0.9842538957330506,0.9851005847472715,0.9611650485436893,0.9915966386554622,1.0,11.806980848312378,312.08740234375
9,2,0.004292245805263519,0.998125,0.00564896705293516,1.0,1.0,1.0,1.0,1.0,1.0,1.0,12.057317018508911,312.08740234375
10,2,0.001592111438512802,1.0,0.0020232971060520025,1.0,1.0,1.0,1.0,1.0,1.0,1.0,12.14234185218811,312.08740234375
11,2,0.00047799639403820035,1.0,0.0013164985619964656,1.0,1.0,1.0,1.0,1.0,1.0,1.0,12.068621397018433,312.08740234375
12,2,0.0034566762298345564,0.99875,0.00044589154238469506,1.0,1.0,1.0,1.0,1.0,1.0,1.0,12.082362174987793,312.08740234375
13,2,0.00570241779088974,0.99875,0.003706618119575824,0.9970760233918129,0.9972222222222222,0.9972222222222222,0.99721059972106,1.0,1.0,0.9916666666666667,11.815166711807251,312.08740234375
14,2,0.0031459610909223557,0.999375,0.0037206372801671947,0.9970760233918129,0.9967948717948718,0.9972222222222222,0.996994993902398,1.0,1.0,0.9916666666666667,11.726823091506958,312.08740234375
15,2,0.0010879427939653396,0.999375,0.03959334003929681,0.9941520467836257,0.9944903581267218,0.9935275080906149,0.9939542483660131,0.9805825242718447,1.0,1.0,11.827085018157959,312.08740234375
