epoch,train_loss,train_accuracy,val_loss,val_accuracy,val_precision,val_recall,val_f1,macro_precision,macro_recall,macro_f1,benign_recall,malicious_recall,epoch_time_sec,peak_vram_mb
1,0.27678510360717773,0.8787428571428572,0.18170741382042566,0.9342666666666667,0.9480055020632737,0.9189333333333334,0.9332430602572782,0.9346754547832539,0.9342666666666667,0.9342512083952182,0.9496,0.9189333333333334,3.4011547565460205,60.2060546875
2,0.17529345274993352,0.9342,0.15875785213708876,0.9442666666666667,0.9537037037037037,0.9338666666666666,0.9436809485313932,0.9444589573899919,0.9442666666666666,0.9442606378972617,0.9546666666666667,0.9338666666666666,2.829479694366455,60.2060546875
3,0.14270269149712153,0.9484857142857143,0.15317471365531285,0.9489333333333333,0.9509777658719528,0.9466666666666667,0.9488173192569825,0.9489425596017582,0.9489333333333334,0.9489330709628001,0.9512,0.9466666666666667,2.7462596893310547,60.2060546875
4,0.12307975897107805,0.9556,0.15927406537532807,0.9436,0.9684595888482118,0.9170666666666667,0.9420627311327215,0.9448527369411989,0.9436,0.9435602654234851,0.9701333333333333,0.9170666666666667,2.806091785430908,60.2060546875
5,0.10415572444200516,0.9639714285714286,0.15043500689466793,0.9533333333333334,0.9592112371690977,0.9469333333333333,0.9530327428878154,0.9534076196377348,0.9533333333333334,0.9533314217883697,0.9597333333333333,0.9469333333333333,2.783867359161377,60.2060546875
6,0.08733962594270706,0.9685428571428571,0.14891833547155062,0.9454666666666667,0.9313193906532404,0.9618666666666666,0.9463465827102191,0.9459464336778747,0.9454666666666667,0.945451995435359,0.9290666666666667,0.9618666666666666,2.8602564334869385,60.2060546875
7,0.07387554812261037,0.974,0.1465894310494264,0.9516,0.94344069128044,0.9608,0.9520412207689258,0.9517529454772208,0.9516,0.9515959030772365,0.9424,0.9608,2.8171143531799316,60.2060546875
8,0.06784360991546086,0.9756,0.1736552881081899,0.9472,0.9679129464285714,0.9250666666666667,0.9460049086446687,0.9480780258189844,0.9472,0.9471741214238214,0.9693333333333334,0.9250666666666667,2.775200366973877,60.2060546875
9,0.05884344386415822,0.9799142857142857,0.1940939243833224,0.9409333333333333,0.915347902537051,0.9717333333333333,0.9426982279135946,0.9426128543659964,0.9409333333333334,0.940877247125046,0.9101333333333333,0.9717333333333333,2.8104774951934814,60.2060546875
10,0.051100005905968804,0.9827142857142858,0.16058328844308853,0.9534666666666667,0.9582322824036648,0.9482666666666667,0.9532234284948399,0.9535157189268257,0.9534666666666667,0.953465408371309,0.9586666666666667,0.9482666666666667,2.92749285697937,60.2060546875
